date,Y,trimestre,y,XB,C,L,A,z,T_lin,S_lin,I_lin,z_SA,T_final,I_final,y_SA_final,Y_SA_final,epsilon,evento
1996-01-01,20264.7628829692,1996-T1,9.916638838178223,0.10187849428665414,0.00766485090076695,0.0942136433858872,0,9.81476034389157,9.806435295213033,0.00874869909945414,-4.23650420920296e-4,9.806011644792113,9.90064893859892,-4.23650420920296e-4,9.900225288178,19934.861020891774,,
1996-04-01,20368.6756828312,1996-T2,9.92175349399161,0.0942136433858872,0,0.0942136433858872,0,9.82753985060572,9.820936038240424,0.00573161089097109,8.72201474328094e-4,9.821808239714752,9.91514968162631,8.72201474328094e-4,9.91602188310064,20252.264290544037,0.0015713947484434,
1996-07-01,19581.2485453016,1996-T3,9.882327680410125,0.09485625549458931,6.42612108702124e-4,0.0942136433858872,0,9.78747142491553,9.833758364418943,-0.0467143215814561,4.27382078038718e-4,9.834185746496981,9.92797200780483,4.27382078038718e-4,9.92839938988287,20504.4946001514,-0.00166375562360004,
1996-10-01,21420.8114956707,1996-T4,9.97211822823607,0.09485625549458931,6.42612108702124e-4,0.0942136433858872,0,9.87726197274148,9.848926500488254,0.0325165757605809,-0.00418110350735468,9.8447453969809,9.94314014387414,-0.00418110350735468,9.93895904036679,20722.162120342804,-0.00324899175268855,
1997-01-01,21401.2979140108,1997-T1,9.971206849358214,0.09101608097692943,-0.003197562408957774,0.0942136433858872,0,9.88019076838128,9.869128122792384,0.00842363759191601,0.00263900799697936,9.871767130789364,9.96334176617827,0.00263900799697936,9.96598077417525,21289.744868294383,0.0122594646803175,
1997-04-01,21755.7152197142,1997-T2,9.987631770721668,0.0942136433858872,0,0.0942136433858872,0,9.89341812733578,9.890194266099813,0.00535068767205408,-0.00212682643608098,9.888067439663732,9.9844079094857,-0.00212682643608098,9.98228108304962,21639.618059300938,0.00137287145275211,
1997-07-01,21177.7762362852,1997-T3,9.960707620077805,0.09485625549458931,6.42612108702124e-4,0.0942136433858872,0,9.86585136458322,9.910675745973114,-0.0468009322313947,0.00197655084149595,9.91265229681461,10.004889389359,0.00197655084149595,10.0068659402005,22178.218558332712,0.0115222744560899,
1997-10-01,23334.9924442461,1997-T4,10.057709334588967,0.09485625549458931,6.42612108702124e-4,0.0942136433858872,0,9.96285307909441,9.929305058190314,0.033805023482736,-2.5700257861061e-4,9.929048055611704,10.0235187015762,-2.5700257861061e-4,10.023261698997601,22544.844623606194,0.00529861110672211,
1998-01-01,23040.2121205589,1998-T1,10.044996321388927,0.09101608097692943,-0.003197562408957774,0.0942136433858872,0,9.95398024041197,9.944293765195813,0.00779789327717295,0.00188858193894426,9.946182347134757,10.0385074085817,0.00188858193894426,10.0403959905207,22934.462948617987,-0.00458496239792251,
1998-04-01,23266.3860277816,1998-T2,10.054764938166413,0.0942136433858872,0,0.0942136433858872,0,9.96055129478051,9.952188453660213,0.00494299203902623,0.00341984908125248,9.955608302741465,10.0464020970461,0.00341984908125248,10.0498219461274,23151.6642349088,-0.00584814834691475,
1998-07-01,22010.464533866,1998-T3,9.999273279880068,0.09485625549458931,6.42612108702124e-4,0.0942136433858872,0,9.90441702438548,9.955398915522313,-0.0467469006675689,-0.00423499046925002,9.951163925053063,10.0496125589082,-0.00423499046925002,10.0453775684389,23048.997808112927,-0.0217847910443296,
1998-10-01,23018.0933158854,1998-T4,10.0440358515599,0.04558199653294493,6.42612108702124e-4,0.044939384424242806,0,9.99845385502696,9.962316827063757,0.0352433573547765,8.93670608384411e-4,9.963210497672142,10.007256211488,8.93670608384411e-4,10.0081498820964,22206.712390614364,1.5420322004669e-4,LS1998.4
1999-01-01,22457.0144317854,1999-T1,10.019358291219177,0.041741822015285035,-0.003197562408957774,0.044939384424242806,0,9.97761646920392,9.969704372117857,0.00613113267002618,0.00178096441599429,9.971485336533851,10.0146437565421,0.00178096441599429,10.0164247209581,22391.23173834853,-0.0146635368823197,
1999-04-01,22514.996541822,1999-T2,10.021936879141256,0.044939384424242806,0,0.044939384424242806,0,9.97699749471706,9.977381417241457,0.00447114833540688,-0.00485507085981318,9.972526346381644,10.0223208016657,-0.00485507085981318,10.0174657308059,22414.55336800949,-0.0106326072293286,
1999-07-01,21856.5681829353,1999-T3,9.992256758689605,0.04558199653294493,6.42612108702124e-4,0.044939384424242806,0,9.94667476215665,9.993099938398258,-0.0458855268226352,-5.39649418941579e-4,9.992560288979316,10.0380393228225,-5.39649418941579e-4,10.0374996734035,22868.133572827195,0.012987675291994,
1999-10-01,24256.6551771422,1999-T4,10.096446299008305,0.04558199653294493,6.42612108702124e-4,0.044939384424242806,0,10.0508643024754,10.010106663414158,0.0362775031942741,0.00448013586695062,10.014586799281108,10.0550460478384,0.00448013586695062,10.0595261837053,23377.427141696466,0.0102434831390166,
2000-01-01,23758.6554780085,2000-T1,10.075702184249536,0.052604235325009754,0.00766485090076695,0.044939384424242806,0,10.0230979489245,10.020273318789657,0.00426643090908187,-0.00144180077421119,10.018831518015446,10.0652127032139,-0.00144180077421119,10.0637709024397,23476.86864594656,-0.0155608238234394,
2000-04-01,23830.3984672159,2000-T2,10.078717291195789,0.044939384424242806,0,0.044939384424242806,0,10.0337779067716,10.029727478974857,0.00508320073294436,-0.00103277293624515,10.028694706038612,10.0746668633991,-0.00103277293624515,10.0736340904629,23709.571123254664,0.00503992836637159,
2000-07-01,22949.2754306078,2000-T3,10.04104164333922,0.0433328541524875,-0.00160653027175531,0.044939384424242806,0,9.99770878918671,10.041009102536057,-0.0447336114339749,0.00143329808459747,10.042442400620654,10.0859484869603,0.00143329808459747,10.0873817850449,24037.773912427452,0.00189895627601087,
2000-10-01,25075.318040685,2000-T4,10.12963929632637,0.0433328541524875,-0.00160653027175531,0.044939384424242806,0,10.0863064421739,10.051532254338257,0.0359734031150815,-0.00119921527946509,10.050333039058792,10.0964716387625,-0.00119921527946509,10.0952724234831,24228.19758940717,-0.00956194564120532,
2001-01-01,24563.146041348,2001-T1,10.10900247020356,0.04399096439574247,-9.484200285003401e-4,0.044939384424242806,0,10.0650115058079,10.061145259340156,0.00210298710692674,0.00176325936079103,10.062908518700947,10.1060846437644,0.00176325936079103,10.1078479031252,24534.802606934423,-0.00268863697205223,
2001-04-01,24833.5556152224,2001-T2,10.119951066608035,0.044939384424242806,0,0.044939384424242806,0,10.0750116821838,10.066998606147857,0.00653174930940664,0.00148132672650725,10.068479932874364,10.1119379905721,0.00148132672650725,10.1134193172986,24671.877650265116,0.00228702911074581,
2001-07-01,23583.4762407284,2001-T3,10.068301586496544,0.0433328541524875,-0.00160653027175531,0.044939384424242806,0,10.024968732344,10.069011879311857,-0.043295139204251,-7.48007763636593e-4,10.06826387154822,10.1139512637361,-7.48007763636593e-4,10.1132032559725,24666.54758749358,-0.0128559902609854,
2001-10-01,25649.1573514276,2001-T4,10.152265998263088,0.04558199653294493,6.42612108702124e-4,0.044939384424242806,0,10.1066840017302,10.072507970936657,0.035618639064019,-0.00144260827056364,10.071065362666094,10.1174473553609,-0.00144260827056364,10.1160047470904,24735.747587803486,-0.0125111305692257,
2002-01-01,24856.3951798879,2002-T1,10.120870349718944,0.041741822015285035,-0.003197562408957774,0.044939384424242806,0,10.0791285277036,10.080846357672057,-4.94863041036566e-4,-0.00122296692735979,10.079623390744697,10.1257857420963,-0.00122296692735979,10.1245627751689,24948.34522090949,-0.0078432340878464,
2002-04-01,25476.2214434965,2002-T2,10.145500803693096,0.044939384424242806,0,0.044939384424242806,0,10.1005614192689,10.092905068606857,0.00740183446591564,2.54516196079635e-4,10.093159584802937,10.1378444530311,2.54516196079635e-4,10.1380989692272,25288.34683568766,0.0127790006270854,
2002-07-01,24580.1410860037,2002-T3,10.109694122973517,0.04558199653294493,6.42612108702124e-4,0.044939384424242806,0,10.0641121264406,10.105509301149057,-0.041791375718183,3.94201009696005e-4,10.105903502158753,10.1504486855733,3.94201009696005e-4,10.150842886583,25612.68169663755,0.00602583358725329,
2002-10-01,26875.4770357141,2002-T4,10.198969515438538,0.04558199653294493,6.42612108702124e-4,0.044939384424242806,0,10.1533875189056,10.118587082521257,0.0361126988492279,-0.00131226246497107,10.117274820056286,10.1635264669455,-0.00131226246497107,10.1622142044806,25905.593884934933,1.9530519530627e-4,
2003-01-01,26182.1081080134,2003-T1,10.172831559828357,0.041741822015285035,-0.003197562408957774,0.044939384424242806,0,10.1310897378131,10.131972992671557,-0.00298804198806592,0.0021047871296247,10.134077779801181,10.1769123770958,0.0021047871296247,10.1790171642254,26344.562191415993,6.40684874321522e-4,
2003-04-01,26787.4678113695,2003-T2,10.195689438152348,0.044939384424242806,0,0.044939384424242806,0,10.1507500537281,10.142154864974756,0.0079619766722968,6.33212081032397e-4,10.142788077055789,10.187094249399,6.33212081032397e-4,10.18772746148,26575.03343854233,0.00574992695899879,
2003-07-01,25708.7675611492,2003-T3,10.154587362944069,0.04558199653294493,6.42612108702124e-4,0.044939384424242806,0,10.1090053664112,10.148891518904756,-0.0403283929626855,4.42240469121558e-4,10.149333759373878,10.193830903329,4.42240469121558e-4,10.1942731437981,26749.55572561746,-0.00174821969722748,
2003-10-01,27917.5992461485,2003-T4,10.237012566293426,0.04558199653294493,6.42612108702124e-4,0.044939384424242806,0,10.1914305697605,10.157569109605758,0.0371253812996932,-0.00326392114495277,10.154305188460805,10.20250849403,-0.00326392114495277,10.199244572885,26882.870352546815,-0.00673522051337027,
2004-01-01,27416.7078795296,2004-T1,10.218907883163105,0.052604235325009754,0.00766485090076695,0.044939384424242806,0,10.1663036478381,10.174217064760557,-0.0059870574649376,-0.00192635945755093,10.172290705303006,10.2191564491848,-0.00192635945755093,10.2172300897273,27370.74687433598,-0.00245199446461142,
2004-04-01,28299.0465742997,2004-T2,10.250583393109736,0.044939384424242806,0,0.044939384424242806,0,10.2056440086855,10.196958317812056,0.00768421698069049,0.0010014738926607,10.197959791704717,10.2418977022363,0.0010014738926607,10.242899176129,28082.42391375041,0.0230648041803945,
2004-07-01,27621.5718222615,2004-T3,10.226352334187682,0.04558199653294493,6.42612108702124e-4,0.044939384424242806,0,10.1807703376548,10.218421975198257,-0.0390188232201374,0.0013671856766404,10.219789160874898,10.2633613596225,0.0013671856766404,10.2647285452991,28702.185403125943,0.0158419070766615,
2004-10-01,30373.1006011607,2004-T4,10.321312647038633,0.04558199653294493,6.42612108702124e-4,0.044939384424242806,0,10.2757306505057,10.234453319153758,0.0393625420519166,0.00191478930000777,10.236368108453766,10.279392703578,0.00191478930000777,10.281307492878,29182.00388278302,0.00857034610855058,
2005-01-01,29113.9909693902,2005-T1,10.278974126943552,0.041741822015285035,-0.003197562408957774,0.044939384424242806,0,10.2372323049283,10.245894963148457,-0.00817449264374322,-4.88165576395971e-4,10.24540679757206,10.2908343475727,-4.88165576395971e-4,10.2903461819963,29446.96659762656,-0.0148148178057603,
2005-04-01,29980.7053976262,2005-T2,10.308309300319955,0.044939384424242806,0,0.044939384424242806,0,10.2633699158958,10.258362706720657,0.00710910305608335,-0.00210189388094051,10.256260812839717,10.3033020911449,-0.00210189388094051,10.3012001972639,29768.32528378136,3.74606808063347e-4,
2005-07-01,29202.5425713727,2005-T3,10.282011058827699,0.04558199653294493,6.42612108702124e-4,0.044939384424242806,0,10.2364290622948,10.274397141503357,-0.038833514310643,8.65435102014089e-4,10.275262576605371,10.3193365259276,8.65435102014089e-4,10.3202019610296,30339.384350821863,0.00725833440853814,
2005-10-01,32050.5175431645,2005-T4,10.375068610211091,0.0433328541524875,-0.00160653027175531,0.044939384424242806,0,10.3317357560586,10.289821605737258,0.0410458156007279,8.68334720619757e-4,10.290689940457877,10.3347609901615,8.68334720619757e-4,10.3356293248821,30811.070151292468,0.00539141165092584,
2006-01-01,30847.1575393322,2006-T1,10.33679988697939,0.04399096439574247,-9.484200285003401e-4,0.044939384424242806,0,10.2928089225837,10.303375102654757,-0.00973214883214315,-8.34031238973409e-4,10.302541071415783,10.348314487079,-8.34031238973409e-4,10.34748045584,31178.38844810459,-0.00914939721222327,
2006-04-01,31879.6466305313,2006-T2,10.369723048480465,0.044939384424242806,0,0.044939384424242806,0,10.3247836640563,10.317518771239957,0.00730404931854719,-3.91565022734852e-5,10.317479614737683,10.3624581556642,-3.91565022734852e-5,10.362418999162,31647.644428475087,0.00605764702075769,
2006-07-01,30845.4787009694,2006-T3,10.33674546108789,0.0433328541524875,-0.00160653027175531,0.044939384424242806,0,10.2934126069354,10.333177814295357,-0.038829935775919,-9.35271584035391e-4,10.332242542711322,10.3781171987196,-9.35271584035391e-4,10.3771819271356,32118.322065314682,-1.57503242196794e-4,
2006-10-01,34056.5018367452,2006-T4,10.435776243033235,0.0433328541524875,-0.00160653027175531,0.044939384424242806,0,10.3924433888807,10.347746346120758,0.0419679825691297,0.002729060190795,10.350475406311553,10.392685730545,0.002729060190795,10.3954147907358,32709.30230979304,0.00689780335647141,
2007-01-01,32552.1680368177,2007-T1,10.390599251772457,0.04399096439574247,-9.484200285003401e-4,0.044939384424242806,0,10.3466082873768,10.359034169841957,-0.010967185019176,-0.00145869744606841,10.357575472395888,10.4039735542662,-0.00145869744606841,10.4025148568202,32942.366925771916,-0.0122941637191973,
2007-04-01,33624.9858516868,2007-T2,10.423024696136373,0.044939384424242806,0,0.044939384424242806,0,10.3780853117122,10.369497397227857,0.00791616746612741,6.7174701817585e-4,10.370169144246033,10.4144367816521,6.7174701817585e-4,10.4151085286703,33359.85562482493,0.00306818499001872,
2007-07-01,32346.2865556234,2007-T3,10.38425450371497,0.0433328541524875,-0.00160653027175531,0.044939384424242806,0,10.3409216495625,10.381303668594457,-0.0387112786014558,-0.00167074043053717,10.37963292816392,10.4262430530187,-0.00167074043053717,10.4245723125882,33677.06472164672,-0.00588532108578858,
2007-10-01,35701.4946608804,2007-T4,10.482947834142873,0.04558199653294493,6.42612108702124e-4,0.044939384424242806,0,10.43736583761,10.395007978180956,0.0420812127979939,2.76646630958055e-4,10.395284624811914,10.4399473626052,2.76646630958055e-4,10.4402240092362,34208.314558080376,0.00147387571644961,
2008-01-01,34538.2872276463,2008-T1,10.4498237623891,0.052604235325009754,0.00766485090076695,0.044939384424242806,0,10.3972195270641,10.408158218213456,-0.0121718306720299,0.00123313952268767,10.409391357736144,10.4530976026377,0.00123313952268767,10.4543307421604,34694.30190291739,-0.00154830694616927,
2008-04-01,35308.4860480562,2008-T2,10.471878611992361,0.044939384424242806,0,0.044939384424242806,0,10.4269392275682,10.414345323689057,0.00855509679253017,0.00403880708657489,10.418384130775632,10.4592847081133,0.00403880708657489,10.4633235151999,35007.70696390042,4.87978104730521e-5,
2008-07-01,33495.5999690441,2008-T3,10.419169364979114,0.04558199653294493,6.42612108702124e-4,0.044939384424242806,0,10.3735873684462,10.410823622894657,-0.0376449443660397,4.08689917513527e-4,10.41123231281217,10.4557630073189,4.08689917513527e-4,10.4561716972364,34758.23138170772,-0.0196526574975871,
2008-10-01,35968.8718954995,2008-T4,10.490409173826425,0.04558199653294493,6.42612108702124e-4,0.044939384424242806,0,10.4448271772935,10.403786681458357,0.0424566804474877,-0.00141618461236881,10.402370496845988,10.4487260658826,-0.00141618461236881,10.4473098812702,34451.57112216335,-0.024336765663972,
2009-01-01,33757.9495457263,2009-T1,10.426971210660586,0.041741822015285035,-0.003197562408957774,0.044939384424242806,0,10.3852293886453,10.397643735638058,-0.0139325041022841,0.00151815710952974,10.399161892747587,10.4425831200623,0.00151815710952974,10.4441012771718,34341.20682222163,-0.0203629064199063,
2009-04-01,34311.3983937013,2009-T2,10.443232892634905,0.044939384424242806,0,0.044939384424242806,0,10.3982935082107,10.395574503788257,0.00831489307978999,-0.00559588865735527,10.389978615130902,10.4405138882125,-0.00559588865735527,10.4349179995551,34027.28560526915,-0.0166268555581328,
2009-07-01,33255.2830394067,2009-T3,10.411968921865784,0.04558199653294493,6.42612108702124e-4,0.044939384424242806,0,10.3663869253329,10.402634959756957,-0.0368358374365765,5.87803012512822e-4,10.40322276276947,10.4475743441812,5.87803012512822e-4,10.4481621471937,34480.945537870546,0.00987651812144859,
2009-10-01,36429.0625661571,2009-T4,10.5031221572026,0.04558199653294493,6.42612108702124e-4,0.044939384424242806,0,10.4575401606697,10.412829939631758,0.0430398515438861,0.00167036949400945,10.414500309125767,10.457769324056,0.00167036949400945,10.45943969355,34872.006961559804,0.00558731535205447,
2010-01-01,34410.3644507588,2010-T1,10.446113090155338,0.041741822015285035,-0.003197562408957774,0.044939384424242806,0,10.40437126814,10.426333806481956,-0.0150932060573268,-0.00686933228458386,10.419464474197373,10.4712731909062,-0.00686933228458386,10.4644038586216,35045.547746667566,-0.00555795802970153,
2010-04-01,36511.625422267,2010-T2,10.505385993578367,0.044939384424242806,0,0.044939384424242806,0,10.4604466091542,10.449603428741057,0.00855531262875473,0.00228786778435719,10.451891296525414,10.4945428131653,0.00228786778435719,10.4968306809496,36200.589454312765,0.0332236357079106,
2010-07-01,35749.41144339,2010-T3,10.484289084864677,0.04558199653294493,6.42612108702124e-4,0.044939384424242806,0,10.4387070883318,10.472063265929757,-0.0367445089749577,0.00338833137696781,10.475451597306725,10.517002650354,0.00338833137696781,10.520390981731,37063.61285499561,0.0159809856561164,
2010-10-01,39143.1576450917,2010-T4,10.574980913349812,0.04558199653294493,6.42612108702124e-4,0.044939384424242806,0,10.5293989168169,10.487641623584457,0.0435623068469266,-0.00180501361449892,10.485836609969958,10.5325810080087,-0.00180501361449892,10.5307759943942,37450.524507731796,0.00282762924285119,
2011-01-01,37426.9434571884,2011-T1,10.530146137323337,0.041741822015285035,-0.003197562408957774,0.044939384424242806,0,10.488404315308,10.501280719451657,-0.0150835802886963,0.00220717614500465,10.503487895596662,10.5462201038759,0.00220717614500465,10.548427280021,38117.4430820362,0.00890253644461024,
2011-04-01,38796.0982905144,2011-T2,10.566074961032092,0.044939384424242806,0,0.044939384424242806,0,10.5211355766079,10.512179750844057,0.00878819028214628,1.67635481695072e-4,10.512347386325752,10.5571191352683,1.67635481695072e-4,10.55728677075,38456.644573193975,-0.00378661246029314,
2011-07-01,37359.2403182601,2011-T3,10.528335558042357,0.04558199653294493,6.42612108702124e-4,0.044939384424242806,0,10.4827535615095,10.523828749509358,-0.0376439421592953,-0.00343124584056298,10.520397503668795,10.5687681339336,-0.00343124584056298,10.565336888093,38767.47450474407,-0.00723510712535791,
2011-10-01,41307.6245429644,2011-T4,10.628802375541223,0.0433328541524875,-0.00160653027175531,0.044939384424242806,0,10.5854695213887,10.538759056657657,0.0435789982519752,0.00313146647907203,10.541890523136729,10.5836984410819,0.00313146647907203,10.586829907561,39609.72340215871,0.0136886471867625,
2012-01-01,39680.4341736958,2012-T1,10.588613503216362,0.052604235325009754,0.00766485090076695,0.044939384424242806,0,10.5360092678914,10.554686890526357,-0.0146020249393305,-0.00407559769567278,10.550611292830684,10.5996262749506,-0.00407559769567278,10.595550677255,39956.661261407644,-0.00322507366876483,
2012-04-01,41316.5879551401,2012-T2,10.62901934371411,0.044939384424242806,0,0.044939384424242806,0,10.5840799592899,10.572162198128158,0.00881994803531605,0.00309781312637014,10.575260011254528,10.617101582552401,0.00309781312637014,10.6201993956788,40953.78012144307,0.0131103980370253,
2012-07-01,39835.6558964162,2012-T3,10.592517667008805,0.0433328541524875,-0.00160653027175531,0.044939384424242806,0,10.5491848128563,10.585835998587257,-0.0380921341889888,0.00144094845799891,10.587276947045256,10.6307753830115,0.00144094845799891,10.6322163314695,41448.88794897389,-7.72158611008657e-4,
2012-10-01,43591.2289898859,2012-T4,10.682611239142991,0.04558199653294493,6.42612108702124e-4,0.044939384424242806,0,10.6370292426101,10.593829315050257,0.043717358391784,-5.17430832031707e-4,10.593311884218226,10.6387686994745,-5.17430832031707e-4,10.6382512686425,41699.785698229505,-0.00681355382633977,
2013-01-01,41321.273749074,2013-T1,10.62913274921232,0.041741822015285035,-0.003197562408957774,0.044939384424242806,0,10.587390927197,10.601371097749357,-0.0135691178305288,-4.11052721840832e-4,10.600960045027517,10.6463104821736,-4.11052721840832e-4,10.6458994294518,42019.93508136918,-0.00207653784481787,
2013-04-01,42735.554856716,2013-T2,10.66278651917597,0.044939384424242806,0,0.044939384424242806,0,10.6178471347518,10.608897856250657,0.00804945432186126,8.99824179212416e-4,10.60979768042987,10.6538372406749,8.99824179212416e-4,10.6547370648541,42392.93775030202,-0.00989690041756482,
2013-07-01,41002.605912702,2013-T3,10.621390902513058,0.04558199653294493,6.42612108702124e-4,0.044939384424242806,0,10.5758089059802,10.615037006081957,-0.0388571005077871,-3.70999594009547e-4,10.614666006487948,10.6599763905062,-3.70999594009547e-4,10.6596053909122,42599.823579057134,-0.00759762219884902,
2013-10-01,44804.451020395,2013-T4,10.710062766601698,0.04558199653294493,6.42612108702124e-4,0.044939384424242806,0,10.6644807700688,10.619942381989057,0.0438064148178347,7.31973261901331e-4,10.620674355250959,10.6648817664133,7.31973261901331e-4,10.6656137396752,42856.548650926816,-0.0031834408448979,
2014-01-01,42335.652473222,2014-T1,10.65338485810411,0.041741822015285035,-0.003197562408957774,0.044939384424242806,0,10.6116430360888,10.623893029417458,-0.0118031272581216,-4.46866070495489e-4,10.623446163346962,10.6688324138417,-4.46866070495489e-4,10.6683855477712,42975.50356337868,-0.00442179595084242,
2014-04-01,43464.067346704,2014-T2,10.679689837712582,0.044939384424242806,0,0.044939384424242806,0,10.6347504532884,10.626893675997858,0.00699328936173789,8.63487928780771e-4,10.627757163926638,10.6718330604221,8.63487928780771e-4,10.6726965483509,43161.17090260892,-0.0131747122240298,
2014-07-01,41537.76158822,2014-T3,10.634358210282983,0.04558199653294493,6.42612108702124e-4,0.044939384424242806,0,10.5887762137501,10.630636225460457,-0.0395778354794486,-0.00228217623099169,10.628354049229465,10.6755756098847,-0.00228217623099169,10.6732934336537,43186.94086126201,-0.00840843662245562,
2014-10-01,45571.468176969,2014-T4,10.727037101798384,0.04558199653294493,6.42612108702124e-4,0.044939384424242806,0,10.6814551052655,10.637639559684956,0.04370648952693,0.00010905605361166701,10.637748615738568,10.6825789441092,0.00010905605361166701,10.6826880001628,43594.57522550651,0.00213305912825133,
2015-01-01,43393.481866992,2015-T1,10.678064521412741,0.041741822015285035,-0.003197562408957774,0.044939384424242806,0,10.6363226993974,10.644971653361557,-0.0101926834007697,0.00154372943663716,10.646515382798194,10.6899110377858,0.00154372943663716,10.6914547672224,43978.43887464592,0.00510238813649246,
2015-04-01,44352.871316227,2015-T2,10.699932727834307,0.044939384424242806,0,0.044939384424242806,0,10.6549933434101,10.648872332550058,0.0059058424673453,2.15168392674769e-4,10.649087500942732,10.6938117169743,2.15168392674769e-4,10.694026885367,44091.702216150625,-0.0121922158834091,
2015-07-01,42479.107877871,2015-T3,10.65676765470356,0.04558199653294493,6.42612108702124e-4,0.044939384424242806,0,10.6111856581707,10.651670830352657,-0.0395199459725911,-9.65226209375558e-4,10.650705604143281,10.6966102147769,-9.65226209375558e-4,10.6956449885675,44163.10489349319,-0.00278316659699621,
2015-10-01,46404.389696124,2015-T4,10.74514933925944,0.04558199653294493,6.42612108702124e-4,0.044939384424242806,0,10.6995673427265,10.656744183970257,0.0435845390021848,-7.61380246013132e-4,10.655982803724244,10.7016835683945,-7.61380246013132e-4,10.7009221881485,44396.77844081137,-0.00304155768573882,
2016-01-01,44688.640755373,2016-T1,10.707474626503508,0.052604235325009754,0.00766485090076695,0.044939384424242806,0,10.6548703911785,10.661800694813557,-0.00936558870694573,0.00243528507188273,10.66423597988544,10.7067400792378,0.00243528507188273,10.7091753643097,44764.709084018556,0.00343903254895815,
2016-04-01,44913.609199325,2016-T2,10.712496128012441,0.044939384424242806,0,0.044939384424242806,0,10.6675567435882,10.664921331502157,0.00476560413345993,-0.00213019204745635,10.6627911394547,10.7098607159264,-0.00213019204745635,10.7077305238789,44700.0779245605,-0.0131613767657742,
2016-07-01,43324.523463302,2016-T3,10.676474115407379,0.04558199653294493,6.42612108702124e-4,0.044939384424242806,0,10.6308921188745,10.667226825930356,-0.0390130388894737,0.00267833183353261,10.669905157763889,10.7121662103546,0.00267833183353261,10.7148445421882,45019.208903241684,0.0055047181702226,
2016-10-01,46799.46706537,2016-T4,10.753627094348806,0.0433328541524875,-0.00160653027175531,0.044939384424242806,0,10.7102942401963,10.667935443694057,0.0438450774091084,-0.00148628090686032,10.666449162787197,10.7128748281183,-0.00148628090686032,10.7113885472114,44863.891286455764,-0.0107700104132631,
2017-01-01,44533.179668086,2017-T1,10.703989800843688,0.04399096439574247,-9.484200285003401e-4,0.044939384424242806,0,10.659998836448,10.668835406948258,-0.00908965544202179,2.53084941736148e-4,10.669088491889994,10.7137747913725,2.53084941736148e-4,10.7140278763142,44982.458260196494,-0.00357402696730995,
2017-04-01,45233.978490302,2017-T2,10.719603819919062,0.044939384424242806,0,0.044939384424242806,0,10.6746644354949,10.675434907353257,0.00397899171051707,-0.00474946356893646,10.67068544378432,10.7203742917775,-0.00474946356893646,10.7156248282086,45054.35047105246,-0.00576834599162005,
2017-07-01,44142.75886047,2017-T3,10.695184180360245,0.0433328541524875,-0.00160653027175531,0.044939384424242806,0,10.6518513262077,10.687397933496758,-0.0394112686962757,0.00386466140719577,10.691262594903954,10.732337317921,0.00386466140719577,10.7362019793282,45991.04484921548,0.0170919297599907,
2017-10-01,48256.45831648,2017-T4,10.784284948928626,0.0433328541524875,-0.00160653027175531,0.044939384424242806,0,10.7409520947761,10.699467023236558,0.0444237906250281,-0.00293871908544574,10.696528304151112,10.7444064076608,-0.00293871908544574,10.7414676885753,46233.859052804124,0.00335875934762073,
2018-01-01,46576.034488594,2018-T1,10.748841406465077,0.04399096439574247,-9.484200285003401e-4,0.044939384424242806,0,10.7048504420694,10.711535986677157,-0.00875310397933084,0.00206755937158043,10.713603546048738,10.7564753711014,0.00206755937158043,10.7585429304729,47030.09196884487,0.012089859824137,
2018-04-01,47651.639755258,2018-T2,10.77167232098255,0.044939384424242806,0,0.044939384424242806,0,10.7267329365583,10.718544176565457,0.0041130552283135,0.0040757047644906,10.722619881329948,10.7634835609897,0.0040757047644906,10.7675592657542,47456.048443894484,0.00382129362308028,
2018-07-01,45198.935866031,2018-T3,10.718828822756262,0.0433328541524875,-0.00160653027175531,0.044939384424242806,0,10.6754959686038,10.720779129066857,-0.0400296666687764,-0.00525349379427098,10.715525635272586,10.7657185134911,-0.00525349379427098,10.7604650196968,47120.57493212465,-0.0183625017608004,
2018-10-01,50008.257300084,2018-T4,10.819943416776864,0.04558199653294493,6.42612108702124e-4,0.044939384424242806,0,10.774361420244,10.725693988541257,0.0450151125088541,0.00365231919382936,10.729346307735087,10.7706333729655,0.00365231919382936,10.7742856921593,47776.33404237838,0.0117418545809869,
2019-01-01,47159.635526753,2019-T1,10.761293626181091,0.041741822015285035,-0.003197562408957774,0.044939384424242806,0,10.7195518041658,10.731136629376158,-0.00904824763581803,-0.00253657757450476,10.728600051801653,10.7760760138004,-0.00253657757450476,10.7735394362259,47740.69396958503,-0.0115911312553936,
2019-04-01,48373.185887843,2019-T2,10.7867009286024,0.044939384424242806,0,0.044939384424242806,0,10.7417615441782,10.736634543940356,0.00367034055159896,0.0014566596861787,10.738091203626535,10.7815739283646,0.0014566596861787,10.7830305880508,48195.96525106437,0.00257669304202208,
2019-07-01,46517.6426102,2019-T3,10.747586930589348,0.04558199653294493,6.42612108702124e-4,0.044939384424242806,0,10.7020049340564,10.742673779022358,-0.0398432235025621,-8.25621463464543e-4,10.741848157558893,10.7876131634466,-8.25621463464543e-4,10.7867875419832,48377.37583446289,6.71064411362935e-4,
2019-10-01,48604.787133848,2019-T4,10.79147730573417,-0.0032164309088853695,6.42612108702124e-4,-0.0038590430175874935,0,10.7946937366431,10.750670044990889,0.0457467919954654,-0.00172310034329826,10.74894694464759,10.7468110019733,-0.00172310034329826,10.74508790163,46401.538808002275,7.35325857698561e-4,LS2019.4
2020-01-01,46972.622518497,2020-T1,10.757320211366942,0.0038058078831794562,0.00766485090076695,-0.0038590430175874935,0,10.7535144034837,10.761209317657688,-0.00941801451698619,0.00172310034306378,10.762932418000752,10.7573502746401,0.00172310034306378,10.7590733749831,47055.04544057484,0.00680703299040474,
2020-04-01,41105.689397192,2020-T2,10.623901819059556,-0.1489060213596495,0,-0.1489060213596495,0,10.7728078404193,10.77016620994025,0.00264163047910728,-1.17239551400417e-13,10.770166209940133,10.6212601885806,-1.17239551400417e-13,10.6212601885805,40997.24665111077,-0.00139950370434205,LS2020.2
2020-07-01,42216.534684159,2020-T3,10.650567240443971,-0.08796229806616768,6.42612108702124e-4,-0.1489060213596495,0.0603011111847797,10.7385295385102,10.777512017865151,-0.0389824793549005,-1.1550482792443972e-13,10.777512017865035,10.6286059965055,0.0603011111846642,10.6889071076902,43866.53938705806,0.00587333783458078,AO2020.3
2020-10-01,48654.749935154,2020-T4,10.792504717692044,-0.039016091416772376,6.42612108702124e-4,-0.0396587035254745,0,10.8315208091088,10.790578253088773,0.0469183432189123,-0.00597578719891523,10.784602465889858,10.7509195495633,-0.00597578719891523,10.7449437623644,46394.851006274745,7.35325857698518e-4,LS2020.4
2021-01-01,47173.76262928,2021-T1,10.761593140518722,-0.04285626593443227,-0.003197562408957774,-0.0396587035254745,0,10.8044494064531,10.811606044851574,-0.0106744604230779,0.00351782202467632,10.81512386687625,10.7719473413261,0.00351782202467632,10.7754651633507,47832.71809715969,0.018114967119981,
2021-04-01,48660.626908576,2021-T2,10.792625499702448,-0.0396587035254745,0,-0.0396587035254745,0,10.8322842032279,10.828974085696474,8.52152357486176e-4,0.00245796517388719,10.831432050870362,10.789315382171,0.00245796517388719,10.7917733473449,48619.17830340767,0.00771752622539146,
2021-07-01,49073.008855048,2021-T3,10.80106444481258,6.42612108702124e-4,6.42612108702124e-4,0,0,10.8004218327039,10.8399971422278,-0.0372886378413275,-0.00228667168260976,10.83771047054519,10.8399971422278,-0.00228667168260976,10.8377104705452,50904.69665820756,0.00587333783458081,LS2021.3
2021-10-01,54330.435499408,2021-T4,10.902839855331738,6.42612108702124e-4,6.42612108702124e-4,0,0,10.902197243223,10.8445710021966,0.0493373461470157,0.00828889487938334,10.852859897075984,10.8445710021966,0.00828889487938334,10.852859897076,51681.74467490534,0.00921699776632092,
2022-01-01,49984.222355769,2022-T1,10.819462681728375,-0.003197562408957774,-0.003197562408957774,0,0,10.8226602441374,10.840954074602701,-0.0120300852253938,-0.00626374523999296,10.834690329362708,10.840954074602701,-0.00626374523999296,10.8346903293628,50751.18921121542,-0.041802017062255,
2022-04-01,50978.12278253,2022-T2,10.839151854626206,0,0,0,0,10.8391518546262,10.8387028250504,-0.00194702563792361,0.00239605521368702,10.841098880264086,10.8387028250504,0.00239605521368702,10.8410988802641,51077.47518400947,-0.00680017757481164,
2022-07-01,49140.099184588,2022-T3,10.802430664481518,6.42612108702124e-4,6.42612108702124e-4,0,0,10.8017880523728,10.8374069515709,-0.0358120426398906,1.93143441775234e-4,10.837600095012675,10.8374069515709,1.93143441775234e-4,10.8376000950127,50899.07833527553,-0.00204402527995064,
2022-10-01,53247.496366149,2022-T4,10.882706065868216,-0.00160653027175531,-0.00160653027175531,0,0,10.88431259614,10.8341188926088,0.051048453183801,-8.54749652653197e-4,10.833264142956146,10.8341188926088,-8.54749652653197e-4,10.8332641429562,50678.86014466914,-0.013825177234401,
2023-01-01,49960.565598692,2023-T1,10.818989285206095,-9.484200285003401e-4,-9.484200285003401e-4,0,0,10.8199377052346,10.8345720262138,-0.0122021384111356,-0.00243218256810174,10.832139843645699,10.8345720262138,-0.00243218256810174,10.8321398436457,50621.91395543083,-0.00944511984960025,
2023-04-01,50794.447589188,2023-T2,10.835542328167522,0,0,0,0,10.8355423281675,10.8413929335919,-0.0049384546894868904,-9.12150734924566e-4,10.840480782856975,10.8413929335919,-9.12150734924566e-4,10.840480782857,51045.914083958865,-0.00488998865462012,
2023-07-01,49817.537792389,2023-T3,10.816122365523183,-0.00160653027175531,-0.00160653027175531,0,0,10.817728895795,10.8484359185704,-0.0347453618647335,0.00403833908933215,10.852474257659733,10.8484359185704,0.00403833908933215,10.8524742576597,51661.817999558276,0.0183471313843097,
2023-10-01,54154.119302239,2023-T4,10.899589321599313,-0.00160653027175531,-0.00160653027175531,0,0,10.9011958518711,10.851542954214,0.052713535169911,-0.00306063751287944,10.848482316701121,10.851542954214,-0.00306063751287944,10.8484823167011,51455.99815594366,-0.00719593394008654,
2024-01-01,51699.146361444,2024-T1,10.853196548976145,0.00766485090076695,0.00766485090076695,0,0,10.8455316980753,10.8542740368776,-0.0112182222121305,0.00247588340981508,10.856749920287415,10.8542740368776,0.00247588340981508,10.8567499202875,51883.17940016616,0.00315076095913735,
2024-04-01,51390.6737201,2024-T2,10.847211989845855,0,0,0,0,10.8472119898459,10.8603155371981,-0.0077685901257291,-0.0053349572264878,10.854980579971611,10.8603155371981,-0.0053349572264878,10.8549805799716,51791.461563097204,-0.0168028780446194,
2024-07-01,51006.888611019,2024-T3,10.839715973389517,6.42612108702124e-4,6.42612108702124e-4,0,0,10.8390733612808,10.8720984119195,-0.0351965568923942,0.00217150625367779,10.874269918173178,10.8720984119195,0.00217150625367779,10.8742699181732,52800.18207999706,0.0204750492835338,
2024-10-01,56372.803406628,2024-T4,10.939742112083612,6.42612108702124e-4,6.42612108702124e-4,0,0,10.9390994999749,10.8847792497112,0.0543959990753008,-7.57488116480687e-5,10.884703500899551,10.8847792497112,-7.57488116480687e-5,10.8847035008996,53353.96107349497,0.0123232150787283,
2025-01-01,53212.50642563,2025-T1,10.882048730890547,-0.003197562408957774,-0.003197562408957774,0,0,10.8852462932995,10.8921289496803,-0.0101862335479802,0.00330357716715035,10.89543252684745,10.8921289496803,0.00330357716715035,10.8954325268474,53929.47895869181,0.00366567803610539,
2025-04-01,53309.877468848,2025-T2,10.883876911349487,0,0,0,0,10.8838769113495,10.8933459980198,-0.00904611319142225,-4.22973478848121e-4,10.892923024540952,10.8933459980198,-4.22973478848121e-4,10.8929230245409,53794.312478089414,-0.0129408770800773,
2025-07-01,51876.344987102,2025-T3,10.856618184659096,6.42612108702124e-4,6.42612108702124e-4,0,0,10.8559755725504,10.8939867502846,-0.0358772241604769,-0.00213395357373081,10.89185279671087,10.8939867502846,-0.00213395357373081,10.8918527967109,53736.7711044616,-0.00770984192640913,
2025-10-01,57246.764686601004,2025-T4,10.955126407795184,6.42612108702124e-4,6.42612108702124e-4,0,0,10.9544837956865,10.8955232576587,0.0554361086481433,0.0035244293796346,10.899047687038335,10.8955232576587,0.0035244293796346,10.8990476870384,54124.795501717956,0.00573628375616324,
2026-01-01,53040.1206256171,2026-T1,10.878803899095791,-0.003197562408957774,-0.003197562408957774,0,0,10.8820014615048,10.8937445433516,-0.0101189924539155,-0.00162408939294245,10.892120453958658,10.8937445433516,-0.00162408939294245,10.8921204539587,53751.15606575478,-0.0164712848552079,
2026-04-01,53210.5539973709,2026-T2,10.882012039063577,0,0,0,0,10.8820120390636,10.892552470631,-0.0095504626054508,-9.8996896197967e-4,10.89156250166902,10.892552470631,-9.8996896197967e-4,10.8915625016691,53721.17385025992,-0.00623783349726407,
